Nome,Descritivo,Serviços,Fundadores,Informações Legais,Endereço,Site,Telefone,Email
Lexio,Otimizamos fluxos contratuais para que advogados foquem no estratégico e a Lexio cuide do operacional,Automatização de contratos | Organização de documentos | Assinatura eletronicamente | ,Fabrício Ramos | ,Investimento do Escritório Baptista Luz (anjo),"Rua Ramos Batista, 444, 7 andar",https://www.lexio.legal/,11 999941571,fabricio.ramos@lexio.legal
YALLA,CIÊNCIA DE DADOS E TECNOLOGIA NO INVESTIMENTO DE ATIVOS JUDICIAIS,Antecipação de honorários/recebíveis | Aquisição de direitos creditórios | Estruturação de ativos judiciais | ,Khalil Kaddissi | ,,"Av. Nove de Julho, 3229 - Conj. 303 - Jardim Paulista - CEP 01407-000",https://yalla.tec.br/,(11) 4395-9900,contato@yalla.tec.br
ClickJur,Cuida dos correspondentes para você.,"Clickjur, sistema de gestão de serviços para escritórios jurídicos, seus processos em dia. | ",Adriano da Silva Campos | ,,"Rua Ulisses Cruz, 579, CJ 54 B2,  CEP 03077-000",https://clickjur.com/,(11) 2626 -1015,contato@clickjur.com
Opice Blum Academy,"Seja disruptivo, antecipe tendências. Seja Opice Blum Academy!",OPICE BLUM ACADEMYIN COMPANY | ,José Roberto Opice Blum | ,,"Al. Joaquim Eugênio de Lima, 680 12º andar Jardim Paulista CEP 01418-100",https://opiceblumacademy.com.br/,11 2189 0052,contato@opiceblumacademy.com.br
Expedit Lawtech,"Acompanhe seus processos em todo o Brasil, de forma rápida e prática, com qualidade e excelência.",Expedit Distribuições | Expedit Publicações DJ | Expedit Andamentos | Expedit Intimações | ,,,,,,
MT4,A nova era em propriedade intelectual,Marcas | Patentes | Desenhos Industriais | Softwares | Direitos autorais | Contratos | Litígios | Concorrência desleal | LGPD | Nomes de domínio | Gestão de inovação | Direito Empresarial | ,MAURÍCIO TAVARES | ,,"Av. Paulista 2421, 1º Andar Bela Vista, São Paulo/SP CEP 01311-300",https://www.mt4ip.com.br/,-,info@mt4ip.com.br
VERIFACT,A solução online mais confiável para o registro de provas digitais de conteúdos da internet.,Plataforma online de coleta de provas digitais | ,Regina Acutu | ,"A Verifact já foi acelerada e recebeu investimento da Wow Aceleradora em 2020. Atualmente está em fase de tração, com crescimento exponencial de clientes e faturamento.","Avenida Bento Munhoz da Rocha Netto, 632. Slj 02 sl 201/204 T. Norte. Zona 07, Maringá, Paraná. CEP 87030-010",https://www.verifact.com.br/,11 957841206,faleconosco@verifact.com.br
PEJOTA CONTABILIDADE,Contabilidade para Advogados,,,,"Av. Raja Gabaglia, 4343, 3º andar Bairro: Santa Lúcia | CEP: 30350-577",https://pejota.com.br,+55 (31) 3378-0701,financeiro@pejota.com.br
INCENTIV - IMPACTO SOCIAL & INCENTIVOS FISCAIS,,,,,,,,administrativo@incentiv.me
SABOIA LIMA ADVOGADOS,"UM ESCRITÓRIO DE ADVOCACIA FULL SERVICE QUE OFERECE ATENDIMENTO PERSONALIZADO E EFICIENTE A SEUS CLIENTES, SEMPRE PAUTADO PELA ÉTICA E INTEGRIDADE.",,,,"Av. João Cabral de Melo Neto, 850 - BL 3 - SL. 818",https://saboiaadvogados.adv.br/,"5521974469620, 552122152199",eduardosaboia@saboiaadv.com
RAFAEL PANDOLFO ADVOGADOS,,,,,,,"555130199913, 5551981388047, 555130148400",financeiro@rpandolfo.adv.br
RAEFFRAY E BRUGIONI ADVOGADOS,,,,,,,551130626808,anapaula@rbaa.com.br
IVO BARBOZA & ADVOGADOS,,,,,,,"5581994901206, 558121016722",valdete@ivobarboza.adv.br
COIMBRA & CHAVES ADVOGADOS,,,,,,,,financeiro1@coimbrachaves.com.br
BORNHOLDT ADVOGADOS,,,,,,,5547991800802,mari@bh.adv.br
SLAP LAW,,,,,,,,administrativo@linieduarte.com.br
"FARIA, CENDÃO & MAIA ADVOGADOS",,,,,,,"5521987152242, 552122638905",heitormaia@fcmlaw.com.br
ANDRADE MIRANDA ADVOGADOS,,,,,,,"553132672425, 5531999812042",gustavo@andrademiranda.adv.br
JUSPRO - JUSTIÇA SEM PROCESSO,,,,,,,"551135002390, 5511998555527",ricardo.freitas@juspro.com.br
RESOLVVI,,,,,,,5585987771710,nara@resolvvi.com
MEDIAR360,Ajudamos empresas a resolver suas disputas de forma rápida e positiva,,,,"Rua Helios Seelinger, 155 - Barra da Tijuca, Rio de Janeiro - RJ, 22640-040",https://www.mediar360.com.br/,21-98778-3698 - Atendimento ao cliente,atendimento@mediar360.com.br
MEDIAÇÃO ONLINE,Uma nova forma de construir acordos,,,,"Alameda Vicente Pinzon, 54 Cubo Itaú Vila Olímpia, São Paulo/SP 04547-130",https://www.mediacaonline.com/,11 97033-2211 Rodrigo Superti - Sales,rodrigo.superti@mediacaonline.com
JUSTTO,Simplificando como as pessoas resolvem disputas,,,,"R. José Francisco Alves, 266 - Vila Ema, São José dos Campos - SP, 12243-060",https://justto.com.br,+55 (12) 97401-0260 - Novos Negócios,growth@justto.com.br
FINDRESOLUTION,,,,,,,"5521987783698, 552121355709",andrea@mediar360.com.br
CONCILIE ONLINE,Concilie Online : trazendo aos cidadãos e empresas uma solução rápida e justa por ser consensual.,,,,"Rua Licínio Cardoso, 208 - Rio de Janeiro/RJ",http://www.concilie.com.br,(21) 99475-3388,contato@concilie.com.br
RESOLVA RÁPIDO,A forma mais direta de defesa dos consumidores,,,,"Rua Benedito Quintino, nº 146, centro, Jaboticatubas/ MG, CEP: 35.830-000;
Avenida Afonso Pena, nº 262, sala 913, centro, Belo Horizonte",http://resolvarapido.com/,+55 (31) 3148 0090 / contato geral,contato@resolvarapido.com
ADAM TECNOLOGIA,Soluções modernas que fazem a diferença,Plataforma Online | Sites institucional | Aplicativos para resolução de conflitos  | ,Roberto Adam | ,,"Rua Wilhelm Geske, 60, Velha, Blumenau, SC, 89045-010",https://adamtecnologia.com/,+55 (47) 3041-2326 / +55 (47) 9 9956-2326 Whatsapp.,contato@adamtecnologia.com
ACORDOS BRASIL,"A Justiça na palma de sua mão. Nosso propósito é promover a harmonia social, auxiliando pessoas e empresas a resolverem problemas.",,,,"Rua Eduardo de Brito, 519, Centro, Passo Fundo, RS, CEP 99025060",https://acordosbr.com,54999999384 atendimento,acordosbr@gmail.com
ACORDO FECHADO,A melhor solução é dialogar!,,,,"Rua São José nº40, 6º andar, Centro, Rio de Janeiro, RJ, CEP 20010-020",https://www.acordofechado.com.br,(21) 99192-7202 - Ricardo / 21 98722-9424 - Marcelo / 21 3231-8426,comercial@acordofechado.com.br
NEOWAY,,,,,,,,notasfiscais@neoway.com.br
CDI - CENTRAL DE DILIGÊNCIAS,"Realizar diligências com dinamismo, qualidade e atendimento personalizado",,,,"Rua Carlos Huber, 110. Bairro Três Figueiras, Porto Alegre/RS. CEP 91330-150",https://www.centraldediligencias.com.br,Dulce - 51 33821547,dulce@centraldediligencias.com.br; diligencias@centraldediligencias.com.br
JUSBRASIL,,,,,,,,emerson.almeida@jusbrasil.com.br
SEUPERITO,,,,,,,5511996738916,gsadi@sadimorishita.com.br
QUERO MEUS DIREITOS,"Conectamos consumidores e trabalhadores, que tiveram seus direitos lesados a advogados especializados, através de um modelo ágil, descomplicado, sem custo de solução de conflitos.",,,,,,,
PLLARIN TECNOLOGIA,,,,,,,5511982244622,rodrigo@pllarin.com.br
MINHAS AUDIÊNCIAS,A evolução dos escritórios e departamentos jurídicos,,,,"AV DOUTOR VICENTE MACHADO, 198 - PISO G1 - 3º ANDAR
Centro - Ponta Grossa - PR",http://www.docato.com.br,011 4210-1571 Comercial,comercial@minhasaudiencias.com.br
JURIS EXPRESS,,,,,,,,contato@jurisexpress.com.br
DILIGENTE,Peça diligências online. Economize tempo e dinheiro.,,,,"Av. Brigadeiro Faria Lima, 4055, cj 1011, Vila Nova Conceição. São Paulo - SP CEP: 04538-133",https://diligente.app,+55 (11) 95321-3671,bruna@diligente.app
DILIGEIRO,A maneira mais rápida e prática de encontrar e contratar correspondentes jurídicos!,,,,"Avenida Paulista 1439, cj.51, Bela Vista, São Paulo, SP - 01311-200",https://diligeiro.com.br/,+55 (11) 94469-5978,contato@diligeiro.com.br
LEME INTELIGÊNCIA FORENSE,"Somos especialistas em Investigação Patrimonial e Análise de Riscos, com soluções aplicáveis em toda a esteira do crédito à cobrança.",Investigação Patrimonial | Plataforma de Busca de Ativos Patrimoniais |  Mapa de Relacionamento | Pesquisa de Óbito Nacional | Dossiê de Indícios | Background Check | Due Diligence e Análise de Riscos | Relatório de Informações Cadastrais | ,Gesivaldo Dantas da Silveira | ,,"Rua Genoveva Forlepa Kopka, 24 - Pineville - Pinhais - Paraná - CEP 83.320-560",https://lemeforense.com.br/,(41) 3667-4784 (41) 3512-2215,contato@lemeforense.com.br
SIGALEI,,,,,,,5511952823504,danilo@sigalei.com.br
INTELIGOV,Disponibilizar tecnologia que estimule a construção de um novo paradigma nas relações entre o público e o privado.,,,,"Alameda Vicente Pinzon, 54, Vila Olímpia, São Paulo, SP, 04547130",https://inteligov.com.br,(11) 4837-5643,contato@inteligov.com.br
ETHQUO,,,,,,,"5511996423548, 551131641448",lucas.bedotti@ethquo.com
ETHOS,"Um hub de produtos e serviços investigativos, à disposição da advocacia brasileira",,,,"Rua Promotor Manoel Alves Pessoa Neto, 45, Office Tower Center (OTC), Sala 303, Candelária, Natal, RN, 59.065-555.",https://ethosbrasil.org/,(84) 98164-1881 / (84) 3033-1881,contato@ethosbrasil.org
CODILO,O propósito da CODILO é ser um agente transformador através dos dados.,,,,"Rodovia José Carlos Daux, 4150. Saco Grande, 88032-005. Florianópolis - SC",https://www.codilo.com.br,048 3771-4775,socios@codilo.com.br
BOTMAX,,,,,,,"5548999903305, 554830360928",financeiro@botmax.com.br
BONNJUR,,,,,,,"554135939000, 5541999720702",admbonnjur@bonnjur.com.br
TÁ LIGADO,,,,,,,5521997480447,raphaelbenvenuto09@gmail.com
DNA,,,,,,,554134084409,fornells@dnaconsulting.com.br
CONSULTORIA GUSTAVO ROCHA,,,,,,,"5551981633333, 555133988804",gustavo@gustavorocha.com
SANCHEZ E SANCHEZ SOCIEDADE DE ADVOGADOS,,,,,,,"5516991230505, 551635158500",tesouraria@sanchezadv.com.br
PEDRO CÂMARA ADVOGADOS,,,,,,,"5592981369757, 559233452535",camara@pedrocamaraadvogados.com
MKS ADVOCACIA EMPRESARIAL,,,,,,,"5547992789202, 554735206650",fernando@mks.adv.br
MADRONA ADVOGADOS,,,,,,,,contasapagar@madronalaw.com.br
LUCON ADVOGADOS,,,,,,,"5511981721010, 551138821111, 5511950713424",financeiro@lucon.adv.br
"JALES COSTA, GOMES E GASPAR CONSULTORIA JURÍDICA",,,,,,,5584999220338,manuel.gaspar@jcgg.com.br
ESCOBAR ADVOCACIA,,,,,,,5581992293535,giseli@escobaradvocacia.com.br
DESCHOOLMEESTER E MENEZES ADVOGADOS,,,,,,,,natasja@advocaciand.adv.br
"CORELAW - ZANCANER, SALLA E FAUSTINO ADVOGADOS",,,,,,,"551123485881, 5511999594848",financeiro@corelaw.com.br
CARVALHO & CAVALHEIRO ADVOGADOS,,,,,,,,esilva@cclaw.co
ARRUDA ALVIM ARAGÃO LINS E SATO ADVOGADOS,,,,,,,,andrei@aalvim.com.br
SPERLING ADVOGADOS,,,,,,,,admin@sperling.adv.br
"TOZZINI, FREIRE, TEIXEIRA E SILVA ADVOGADOS",,,,,,,,aizukawa@tozzinifreire.com.br
"SOUZA, MONTEIRO & BRITO ADVOGADOS",,,,,,,5521987742447,pdeslandes@souzaemonteiro.com.br
"LIMA JUNIOR, DOMENE E ADVOGADOS",,,,,,,,matheus.barbosa@limajr.com.br
SIQUEIRA CASTRO ADVOGADOS,,,,,,,5511984730258,asantos@siqueiracastro.com.br
REIS PINTO ADVOGADOS,,,,,,,,financeiro@reispinto.com.br
QUEIROZ E LAUTENSCHLÄGER ADVOGADOS,,,,,,,"551132666782, 5511983829740",silmara@qladvogados.com.br
QUEIROZ E ANDRADE ADVOGADOS,,,,,,,"5521995990265, 552122193380",marcia@queirozeandrade.com.br
NÓBREGA FARIAS ADVOGADOS,,,,,,,,nobregafarias@nobregafarias.com.br
LUCHESI ADVOGADOS,,,,,,,"5511983931413, 551136643463",natalia.bez@luchesiadv.com.br
LIRA ADVOGADOS,,,,,,,"5519998722847, 551932437075",tatiane.azevedo@liraatlaw.com
LINI & PANDOLFI ADVOGADOS,,,,,,,"555121254500, 5551993243378, 5551981822626",financeirors@lp.com.br
JUBILUT ADVOGADOS,,,,,,,,mirella@jubilut.com.br
GONDIM ALBUQUERQUE NEGREIROS ADV,,,,,,,552122627979,juliana.teles@gondimadv.com.br
GÓES & NICOLADELLI ADVOGADOS,,,,,,,"5548991886604, 554834612300",paulavieira@goesnicoladelli.com.br
GAIOFATO E GALVÃO ADVOGADOS,,,,,,,,ronaldo.galvao@gaiofatoegalvao.com.br
FRAGATA E ANTUNES ADVOGADOS,,,,,,,,gilberto.santos@fragataeantunes.com.br
EDUARDO GONÇALVES DE AMORIM ADVOCACIA,,,,,,,,amorimadvogado@gmail.com
DÉCIO FREIRE E ADVOGADOS,,,,,,,"5531992020705, 553132981111",jeniferdantas@deciofreire.com.br
"CHALFIN, GOLDBERG, VAINBOIM E FICHTNER ADVOGADOS",,,,,,,"552139707200, 5521983010751",fabio@cgvf.com.br
CABANELLOS ADVOCACIA,,,,,,,"5551997390336, 555133216028",compras@cabanellos.com.br
BOCAYUVA E ADVOGADOS,,,,,,,,lgbocayuva@uol.com.br
"BARROSO FONTELLES, BARCELLOS, MENDONÇA ADVOCACIA",,,,,,,,legallab@bfbm.com.br
"ABREU, GOULART, SANTOS, FREITAS & MEGOZZI ADVOGADOS",,,,,,,"5521980398228, 552131742966",boliveira@abreugoulart.com.br
GSE,,,,,,,"5521972278901, 552121210100",financeiro@e-xyon.com.br
AUREUS,,,,,,,"5511982359530, 5511998243456, 551131974535",financeiro@aureus.com.br
SNAP INFORMÁTICA,Consulta Processual Automatizada e Publicações dos Diários da Justiça,,,,"Avenida Rio Branco 39, 5º andar, Centro, Rio de Janeiro, RJ, CEP: 20090-003",https://snap.com.br,+55 (21) 3232-4650 – Rio de Janeiro 0800 770 7627 - Demais regiões,suporte@snap.com.br
PREÂMBULO INFORMÁTICA,Gestão Jurídica de Alta Performance,,,,Rua Benjamin Constant 146,https://www.preambulo.com.br/,+55 (41) 3322-1910,comercial@preambulo.com.br
OITO TECNOLOGIA JURÍDICA,Aumento expressivo de produtividade e qualidade nos processos de backoffice jurídico,,,,"Rua Amalia de Noronha, 151 Sala 404 - Pinheiros, São Paulo, SP",https://www.oito.srv.br,+55 (11) 3891-0190,contato@oito.srv.br
LAWSOFT,,,,,,,5511991468962,comercial@lawsoft.com.br
JURIFY TECNOLOGIA,,,,,,,"5531984470043, 5531996597976",contasapagar@jurify.com.br
JUDICE OFFICE,,,,,,,"5551989058484, 555132116505",financeiro@judice.com.br
HASTINGS ENGENHARIA,,,,,,,,diana@hastings.com.br
FÁCIL INFORMÁTICA,A Fácil oferece soluções completas e eficazes para o seu negócio.,Espaider Corporativo | Espaider Escritório. | Integrador Assinar Fácil. | FÁCIL CAPTURA. | Fácil Datacenter (Nuvem). | Diário Fácil | Fácil DocSite. | Parker.  | ,,,,,,
DATAJURI,,,,,,,"554830391076, 5548991619115, 554830394513",rodrigo@datajuri.com.br
GRUPO BENNER,Nossos softwares simplificam sua gestão!,,,,"Av. Engenheiro Luís Carlos Berrini, 1681 - Cidade Monções, 04571-010",https://www.benner.com.br/juridico-sistema/,(11) 2109-8500 | (11) 98437-7858,comercial@benner.com.br | claudio.bernardo@benner.com.br
AVISO URGENTE,Confiança Jurídica,,,,"Rua 94, nº 1.165, QD. F-17, LT. 139, Cep: 74.083-060, Setor Sul - Goiânia-GO",https://www.avisourgente.com.br/,+55 (62) 4013-7489 / 08002107489,avisourgente@avisourgente.com.br
VIOS TECNOLOGIA,,,,,,,5548999198515,financeiro@vios.com.br
ULTIMATUM TECNOLOGIA JURÍDICA,A Tecnologia a favor do Direito,,,,"Av. 85, 542, Setor Oeste, Goiânia, GO CEP 74120-090",https://www.ultimatum.com.br,+55 (62) 3933-0431 - Comercial,comercial@ultimatum.com.br
TWT INFO,,,,,,,"551135223314, 551132731800",financeiro@twtinfo.com.br
SOFT8,,,,,,,,contato@informadorfacil.com.br
SMARTJUDICE,Seu Advogado Modernizou,,,,,https://www.smartjudice.com.br/,55 999704669 Fundadora,
SEM PROCESSO,Reduzir os conflitos no mundo,Com Acordo | Lawop | Spectter | Notificca | Falejur | ,Bruno Feigelson | ,,"Rua Marquês de São Vicente, 225, A233, Gávea, Rio de Janeiro, RJ, 22.451-900",https://www.semprocesso.com.br/,+55 21 99598-4555 - Comercial,rafaela.sanson@semprocesso.com.br
PROJUD,,,,,,,,comercial@projud.com.br
PARAFERNALIA,,,,,,,,alexandra.guerra@parafernalia.net.br
NETVIEW,,,,,,,"553132950616, 5531991238900",financeiro@netviewinformatica.com.br
LITIVE SERVIÇOS DE INTERNET LTDA,,,,,,,,falecom@litive.com.br
IVIJUR,Bem-vindo ao mundo da comunicação inteligente!,Chatbot | ,MARCELA CARVALHO | ,,"Av. Raja Gabáglia, 1613, sala 501, bairro Luxemburgo, Belo Horizonte/MG, CEP 30.380-435",https://ivijur.com.br/,(38) 98835-3505 e (38) 99820-7791,contato@ivijur.com.br
IILEX SISTEMAS INTEGRADOS,,,,,,,,rodrigo@iilex.com.br
HARPA,,,,,,,"5548999558601, 554834396306",vitorsavi@harpabs.com.br
NEOLAW,,,,,,,"551143049760, 5511985247899",vlouzada@neolaw.net.br
GSI - GESTÃO SOCIETÁRIA INTELIGENTE,Tecnologia para automatizar a rotina societária de CNPJ,,,,"Rua Racine, 750, Alto da lapa, São Paulo/SP, CEP 05086-000",https://www.gsi-law.com.br,+55 (11) 94105-1800 (comercial),comercial@gsi-law.com.br; jonas@gsi-law.com.br
ENLIGHTEN,,,,,,,"5511970227326, 551137449788",felipe.alvarez@enlightenbrasil.com.br
ELEVIA,"Com a Elevia, Advogados autônomos e Escritórios de Advocacia organizam suas finanças, evitam o stress das cobranças e reduzem a inadimplência.",,,,"AV PAULISTA, 2278 - ANDAR PILOTIS SALA 24 - BELA VISTA - SÃO PAULO, SP - CEP: 01310-300",https://elevia.com.br,(11) 971857009 - Financeiro,adm@elevia.com.br
DOC9,Facilite suas rotinas jurídicas,,,,"Arno Vontobel, 52 - Jardim Botânico, Porto Alegre, RS, 90690-095",https://www.doc9.com.br,+55 (51) 3021-8868 - Marketing,marketing@doc9.com.br
MYLEGAL,Soluções descomplicadas e que vão direto ao ponto. Entregamos apenas o que você precisa.,,,,"Av. Beira Mar, n 406 sala 805, Centro, Rio de Janeiro, CEP 20021-900",https://mylegal.com.br/,(21) 3490-2000 Setor comercial,antonio@mylegal.com.br
BRAIN LAW,,,,,,,,vwatanabe@pgadvogados.com.br
BEELEGAL,,,,,,,5511984451001,maria.maciel@beelegal.com.br
ACCOUNT LAW,Soluções especializadas em gestão financeira para escritórios de advocacia e departamentos jurídicos.,,,,São Paulo-SP,https://www.accountlaw.com.br,(11) 99288-9082 - Comercial,contato@accountlaw.com.br
YOUROPENLEGAL TECNOLOGIA,,,,,,,"5511956506141, 551130335771",taylise.seixas@openmindbrasil.com.br
VEIRANO E ADVOGADOS,,,,,,,,patricia.rocha@veirano.com.br
SOUTO CORREA ADVOGADOS,,,,,,,,jorge.benvenuti@soutocorrea.com
"ROCHA FILHO, NOGUEIRA E VASCONCELOS",,,,,,,,financeiro@rochafilho.com
PINHEIRO NETO ADVOGADOS,,,,,,,,mferreira@pn.com.br
NELSON WILIANS E ADVOGADOS,,,,,,,,angeline.costa@nwadv.com.br
MARTINELLI ADVOGADOS,,,,,,,"5547991242218, 554721011800",alexandre@martinelli.adv.br
LOBO & DE RIZZO ADVOGADOS,,,,,,,,marcelo.cano@ldr.com.br
FINOCCHIO E USTRA ADVOGADOS,,,,,,,,contasapagar@fius.com.br
ERNESTO BORGES ADVOGADOS,,,,,,,556733890123,liliane.campos@ernestoborges.com.br
DEMAREST,,,,,,,,ab2l@demarest.com.br
BARCELLOS,,,,,,,"5511999937750, 551130699080",financeiro@btlaw.com.br
WIBSON,,,,,,,551140250324,rodrigo@wibson.io
COMO REGISTRAR,"Sua marca, Seu Patrimônio.",,,,"Rua Padre Carapuceiro - Boa Viagem, 858, Recife, Pernambuco 51020280",https://comoregistrar.com.br/,81 3105.3100,contato@comoregistrar.com.br
JUSCREDIT,,,,,,,5519981847496,financeiro@juscredit.com.br
VERACEL,,,,,,,557331668435,roziele.soares@veracel.com.br
SUZANO,,,,,,,"551135039000, 551135039795, 5511972661005",vzaccaria@suzano.com.br
BAT BRASIL,,,,,,,,daniella_pessanha@souzacruz.com.br
SCANSOURCE,,,,,,,"5541991072661, 551130490310",caroline.bettoni@scansource.com
MERCADO LIVRE,,,,,,,5511992334251,controladoriajuridica@mercadolivre.com
LIQUIGÁS,,,,,,,,liquigas@liquigas.com.br
KLABIN,,,,,,,"5511995700830, 551130467700",daniel.ruy@klabin.com.br
JIVE,,,,,,,"551135005002, 551135005016",financeiro@jiveinvestments.com
HEINEKEN,,,,,,,,juridicoadministrativo@heineken.com.br
HEINZ,,,,,,,"554198026800, 551146883800",felipe.marques@kraftheinz.com
GERDAU,,,,,,,,simone.minassian@gerdau.com.br
GALVANI,,,,,,,5511950646160,mcupertino@galvani.ind.br
CHIESI,,,,,,,"5511950624530, 551130952328",amanda.wiechert@chiesi.com
C&A ,,,,,,,"5511996086360, 551121347878",luis.ramos@cea.com.br
BMG,,,,,,,5531999724663,augusto.rodrigues@bancobmg.com.br
AMIL,,,,,,,,alessandra.lopes@amil.com.br
LIMA & FEIGELSON ADVOGADOS,,,,,,,,jaqueline.lopes@limafeigelson.com.br
BLUE JACK,BLUE JACK: hub de inovação do mercado jurídico.,,,,"R. Eurípedes Garcez do Nascimento, 565 – Ahú - Curitiba - Paraná - 80540-280",https://bluejack.com.br/,(41) 99667 9311,contato@bluejack.com.br
BLOCKCHAIN ACADEMY,O primeiro projeto educacional brasileiro focado em Blockchain e DLT's,,,,"Av. Paulista, 1079, 7º e 8º andar
Bela Vista, São Paulo – SP
CEP: 01311-200",https://blockchainacademy.com.br,+55 11 98355-4399 / Administrativo,administrativo@blockchainacademy.com.br
JOTA,,,,,,,5521965578024,kelly.leao@jota.info
ZAMORFE MEDIAÇÕES,,,,,,,,financeiro@liberfly.com.br
VILLA VISUAL LAW STUDIO,Visual Law é Villa,"Templates editáveis | Transformamos os seus documentos jurídicos com base nos seus gostos pessoais, ou do seu escritório. | Villa Academy | ",Rui Nogueira Paes Caminha Barbosa | ,,"Av. Dr. Vital Brasil, 951 - Butantã, São Paulo - SP, 05503-001",http://visuallaw.design/,(11) 953445430,sara.m@visuallaw.design
VENTURA ERM,,,,,,,"551137960327, 5511976133386, 5512991791029",lilian@venturaerm.com
SISTEMA FACULDADE,,,,,,,,gustavohenrique.adv@hotmail.com
INNLAW,,,,,,,,falecom@innlaw.com.vc
HI-LAW,,,,,,,,contato@hi-law.com.br
FUTURE LAW,,,,,,,"5511962896480, 5519995931400, 5531992320691",adm@futurelaw.com.br
AGÊNCIA WX,Criamos  conexões com seu público-alvo utilizando técnicas avançadas de Marketing Digital,,,,"Rua Santa Catarina, 65 – Cj 906 A – Edifício Spatium Laboris Água Verde – CEP 80620-100",https://www.agenciawx.com.br,(41) 3085-0235,contato@agenciawx.com.br
AURUM,Tecnologia para a próxima forma de advogar.,,,,"Florianópolis SC - Rua Nirberto Haase, 100 - 88035-215",https://www.aurum.com.br/,Florianópolis: +55 (48) 3365-5808 | São Paulo: +55 (11) 2197-1550 | Rio de Janeiro: +55 (21) 3553-0665,comercial@aurum.com.br
ADVISE,O software jurídico feito para você,,,,"Av. Santos Dumont, 1060, Londrina - PR / CEP 86.039-090",https://advise.com.br,Capitais e regiões metropolitanas: 4003 3196 / Demais regiões: 0800 500 9926,atendimento@advise.com.br
RECUPERIUM,Lawtech especialista em Business Intelligence,Relatório de Investigação Repressiva (RIR) | Relatório de Investigação Preventiva (RIP) | Relatório Pré-Investigativo (RPI) | Pré-check | ,Armando Zanin Neto | ,,"Rua Doutor Teodoro Langard, 1045, Castelo - Campinas/SP CEP: 13070-760",https://recuperium.com.br/,(019) 99864.9146,administrativo@recuperium.com.br
LINKLEI,A primeira rede social a conectar o mundo jurídico para geração de oportunidades e negócios.,,,,"Rua Domingos Oliva dos Santos, 90, segundo andar, bairro Villagio Iguatemi, Caxias do Sul, Rio Grande do Sul, CEP 95012-320.",https://www.linklei.com.br,+ 55 54 98121-5201,linklei@linklei.com.br
LEXNAUTAS,Recrutamento Jurídico Reinventado,Recrutamento Jurídico | Vagas Jurídicas | Cursos para Advogados | ,Bruno Nassar | ,,"Rua José de Alencar, 321, Vargem Grande - Pinhais/PR CEP:  83321-230",https://lexnautas.com.br/,(41) 99694.1220,bruno.nassar@lexnautas.com.br
JURIS CORRESPONDENTE,A sua advocacia em todo o Brasil.,,,,"Av. do Contorno, 2905, 16º andar, Santa Efigênia, BH-MG. CEP: 30110-017",https://www.juriscorrespondente.com.br/,,contato@juriscorrespondente.com.br
CS VIEWS,CS VIEWS Construindo Soluções de conflitos com segurança jurídica,,,,"Rua Apeninos, 222 salas 4007/4008 - CEP 01533-000- São Paulo- SP",http://csviews.com.br.com,11 2424-9872 e 11 93020-7352,contato@csviews.com.br
BUSCADOR DIZER O DIREITO,Jurisprudência fácil e atual para você!,,,,"Av. Sete de Setembro, 657, sala 05, Centro, Manaus-AM, CEP 69.005-140",http://www.buscadordizerodireito.com.br,+55 (92) 98430-7697,contato@buscadordizerodireito.com.br
RVC,,,,,,,,financeiro@rvc.law
LOBIOS,,,,,,,,aline.macedo@lobios.com.br
GLX,,,,,,,5511996238750,rodrigosoares@glxconsulting.com.br
EFISERV,,,,,,,,alexandre.lima@grupofour.com.br
CEHOS,,,,,,,"5511976090613, 551144455174",nilton.taveira@cehos.com.br
PRIVACY ACADEMY,Privacidade acima de tudo,,,,"Rua mariante 288/1401, Rio Branco, Porto Alegre,RS, 90430180",https://privacytools.com.br,5130295080 - Comercial,comercial@privacytools.com.br
REVIO,Revolucionando a revisão fiscal e tributária através da Tecnologia,Software para apuração de créditos de Verbas Indenizatórias. | Apuração de crédito de produtos monofásicos do Simples Nacional | Retificação de Obrigações Acessórias | Software para revisão de PIS e COFINS | Extração de Dados de SPEDs 6- Creditos de ICMS | ,Edson Hideki Mizoguchi | ,,"Alameda dos Maracatins, 780 conjunto 1401",https://www.revio.com.br,11 50521236,contato@revio.com.br
LGPDNOW,LGPDNOW - Governe seus dados,,,,"Av Engenheiro Luiz Carlos Berrini, 1140, Conj 72, São Paulo, SP, CEP: 04571-930",http://www.lgpdnow.com.br,(11) 4890- 2372,vanessa@lgpdnow.com.br
COMPLIANCE PME,Empresa de impacto social que democratiza compliance através de conteúdos e ferramentas.,,,,Brasil,https://www.compliancepme.com.br/,+55 21 991404663,contato@compliancepme.com.br
STARTLAW,Consolidando as ideias que transformam o mundo,,,,"Rua Padre Anchieta, 2286, sobreloja, Curitiba, Estado do Paraná",https://www.thestartlaw.com/,(41) 98530361,comercial@thestartlaw.com.br
WEBDOX CLM,GERENCIE TODOS OS SEUS CONTRATOS EM NOSSO SOFTWARE,,,,"La Concepción 266, piso 5, Providencia, Región Metropolitana, Santiago, Chile",https://www.webdoxclm.com/pt,56942226919,ralcaide@webdoxclm.com
UPLEXIS,A upLexis é uma empresa de tecnologia e mineração de dados que busca trazer soluções para programas de compliance e empresas,,,,"Av. Marquês de São Vicente, 1619 - 16º andar.
Cep: 01139-003",https://uplexis.com.br/,55 (11) 3094–7444,comercial@uplexis.com.br
SEDEP,Soluções integradas para escritórios e departamentos jurídicos,,,,"R. da Paz, 17 - Jardim dos Estados, Campo Grande - MS, 79002-190",https://www.sedep.com.br/,(67) 3213-0810 (Comercial),tomas@sedep.com.br
ELAW,Inovação a cada processo,,,,"Av. Paulista, 777, 6º Andar, Bela Vista, São Paulo/SP",https://elaw.com.br,+55 (11) 4102-6790,marketing@elaw.com.br
DOCKET,"Tecnologia que auxilia na busca, gestão e pré-análise de documentos em todo o Brasil.",,,,"R. Eugênio de Medeiros, 242 - 2º andar - Pinheiros - São Paulo, 05425-000",https://www.docket.com.br,+55 (11) 992771339 - CEO,pedro@docket.com.br
DGT+L,"A DGT+L constrói pontes, integrando, reorganizando operações, facilitando e maximizando o trabalho dos profissionais de Direito através de soluções tecnológicas simples e de baixo custo, o que propicia uma melhor experiência aos clientes de serviços jurídicos e aos seus provedores.",,,,"Rua Cláudio Soares, n. 72- Cjto 414- Pinheiros,
CEP: 05422-030",https://dgt-consultoria.com.br/,+55 11 985787431 - José Moscati - Sócio Diretor responsável por Lawtechs e LegalTechs,jsmoscati@dgt-consultoria.com.br
CLICKSIGN,Simplificar processos é a nossa assinatura,,,,"R. Teodoro Sampaio, 2767 - 10º andar - Pinheiros, São Paulo - SP, 05405-250",https://clicksign.com,(11) 3145-2570,comercial@clicksign.com
ALKASOFT SOFTWARE JURÍDICO,O melhor e mais moderno Software Jurídico para gestão de escritórios de advocacia e departamentos jurídicos do Brasil.,,,,"R. Prof. Luís Sanches Bezerra da Trindade, 69, Centro, Florianópolis/SC, CEP: 88015-160",https://www.alkasoft.com.br,+55 (48) 3025-3500,comercial@alkasoft.com.br
TTMS,,,,,,,"551926602222, 5519998722847",pedro.pavao@ttmstech.com
COREJUR,,,,,,,"556239455915, 5562982950006",luiza.gomes@redeempresarial.com
OYSTR,"Visamos tornar o processo mais ágil e inteligente, permitindo que os advogados se concentrem no essencial: ADVOGAR.",,,,"R. Padre Anchieta, 2286 - Bigorrilho, Curitiba - PR, 80730-000",https://www.oystr.com.br,(41) 3017-5659,contato@oystr.com.br
PROCESSO RÁPIDO,,,,,,,5521985014118,contato@processorapido.com
JUSDOCS,Para toda ação uma petição.,Compartilhamento de Petições  | ,Williann Georgi | ,,"Rua Mário Antunes da Cunha, 511 / 1304B, Petrópolis - Porto Alegre/RS",https://jusdocs.com/,55 (51) 98283-5490,contato@jusdocs.com
NEURALMIND,Soluções inteligentes para agilizar operações jurídicas,,,,"Avenida Alan Turing, 345, Sala 5 Anexo, Campinas, SP, 13083-898",https://neuralmind.ai/,19 999787999,contato@neuralmind.ai
NETLEX,Make your documents flow,SaaS  | ,Flávio Ribeiro | ," O netLex já recebeu aportes do Canary e Parceiro Ventures, além de ter sido acelerados pela Fundação Estudar e participado de programas de aceleração da Unimed, Endeavor, boostLab.","Rua Pernambuco, 554, 9º andar - Savassi",https://netlex.io/,,sales@netlex.io
MANACA,A MANEIRA MAIS FÁCIL DE REGISTRAR MARCAS,,,,"Av. Nove de Julho, 3147 - Bela Vista, São Paulo - SP, 01407-000, 10 andar",https://manacapi.com.br/,(11) 98911-6800,contato@manacapi.com.br
LINTE,Experimente um novo jeito de trabalhar,,,,"Al. Vicente Pinzon, 54",https://www.linte.com,+55 (11) 99517-9464,victor@linte.com
LEXLY,,,,,,,,juliana.barbiero@lexly.com
LEX DESIGN,Juntos reinventamos o universo juridico,,,,"Av. Dr. Jesuíno Marcondes Machado, 630 - Campinas - SP, 13092-108",https://lexdesign.io/,(51) 99864.1879,contato@lexdesign.io
LEGAUT,,,,,,,5521993807339,andreyukio1001@gmail.com
LEGAL CONTROL,Seu Software de Gestão Jurídica,,,,"Avenida Marquês de São Vicente, 587 – Cj 14
Barra Funda – São Paulo/SP - CEP: 01139-001",https://www.legalcontrol.com.br,+55 (11) 4211-4000 - Comercial,contato@legalcontrol.com.br
LEAF,Automação de processos com inteligência artificial e gestão humana,,,,"Rua José Teixeira, 711 3 e 4 andares, Santa Lúcia, Vitória, ES",http://www.leaf.com.br,+55 (27) 98182-2825,pjunior@leaf.com.br
BIPBOP,Todos os dados em um só lugar,,,,"Av. Major Sylvio de Magalhães Padilha, 5.200 - Ed. Montreal - 8º andar",https://www.bipbop.com.br,+55 (11) 3804-0001,contato@bipbop.com.br
EASYJUR,"Criar o maior ecossistema para resolução de conflitos de direito, democratizando o acesso à justiça em todo o mundo.",,,,"Rua Tristão de /castro, 322",https://www.easyjur.com,+55 (34) 3312-8082,vmarques@easyjur.com
CONTRAKTOR,"Crie, assine e gerencie contratos em uma única plataforma.",,,,"Av. Visconde de Guarapuara 3263, Centro, Curitiba 80010-100",https://contraktor.com.br/,+ 55 (41) 3012-3646 - Comercial,gabriela@contraktor.com.br
M4LAW,"Pare de pensar ONDE salvar, e passe a compreender o contexto da informação.",,,,"Edifício Domo Corporate
Rua José Versolato, 101 - Centro SBC/SP
12˚ Andar - cj. 1234/1237
CEP: 09751-020",https://www.m4law.com.br,+55 11 4453-7667 - Comercial,contato@m4law.com.br
ATS TECNOLOGIA,Uma empresa que estimula a COLABORAÇÃO entre ADVOGADOS e seus CLIENTES por meio do uso inteligente da TECNOLOGIA. Melhorando a eficácia na eficiência JURÍDICA.,,,,"Rua Dr. Franco da Rocha, 137 cj 41 São Paulo SP 05015-040",https://www.atstecnologia.com.br/,+55 (11) 3871-4119 Sales & Mkt,contato@atstecnologia.com.br
ANYTASK SOLUÇÕES,Promovendo a Transformação Digital no meio Jurídico,Protocolo Já | Captura Processual | Saneamento de Base | Mensageria por WhatsApp | Cadastro de novos processos | Conferência de Pauta do Advogado | Anytask JUR | Workflow | ,Gustavo Nora Bittencourt | ,,"Av. Nações Unidas 17-17 sala 303, Vl. Sto Antônio, Bauru/SP",https://anytask.com.br/,(14) 9 8135.0330,gustavo.bittencourt@anytask.com.br
LEGITIMVS,Somos parceiros dos Advogados e não apenas um software,,,,"Av. Bernardino de Campos, 185 - Paraíso, São Paulo - SP - CEP: 04004-050",https://www.legitimvs.com.br,"Comercial: (11) 4031-0267 , (11) 9.9102-3151",comercial@akamaetech.com
LOY,Por uma gestão jurídica mais simples e inteligente.,,,,"Av. Nereu Ramos, 75D - Centro, Chapecó - SC, 89801-023 (Cobertura)",https://loylegal.com,49 3329-4293,comercial@loylegal.com
TECNO2,Tecnologia Jurídica Inteligente,,,,"Rua Itapura, 239, Cjs. 602/603/609",https://www.tecno2.com.br,+55 (11) 3564-0922 Depto. Comercial,marcelo@tecno2.com.br
SOFTPLAN,Fazer a diferença na vida das pessoas e das organizações,,,,"Avenida Luiz Boiteux Piazza, 1302 – Lote 87/89 – Sapiens Parque – Cachoeira do Bom JesusCEP 88056-000 – Florianópolis / SC",https://www.softplan.com.br,+55 (48) 3027-8000,marketingunj@softplan.com.br
OPTIMUM,#beyondDataIntelligence,,,,Rua Afonso Celso 552 - Vila Mariana - São Paulo- SP - CEP 04119-000.,https://www.optimumsolucoes.com,(11) 30316676,roberto.mendes@optimumsolucoes.com
LDSOFT,Software Jurídico e Propriedade Intelectual,APOL | ,Luiz Duffles | ,,"Rua Visconde do Uruguai, 480 5ª andar  Niterói – RJ – CEP 24030-076",https://www.ldsoft.com.br,+55 (21) 2613-3656,mfragoso@ldsoft.com.br
KURIER,Inteligência Jurídica,Kurier Meridio | Cadastro Automático | Kurier Analytics | ,Fred Ferraz | ,Endeavor Scale-Up,"Avenida Barbosa Lima, 149, Sala 401 - Recife/PE - 50030-330",https://www.kurier.com.br,0800 729 2090,contato@kurier.com.br
INPACT,Transformações de Alto Impacto para o Mercado Jurídico,ASSESSORIA ESTRATÉGICA | ASSESSORIA EM OPERAÇÕES DE M&A E DISTRESS | LEGAL DESIGN | SMART DATA | SMART DUE DILIGENCE (PRÉ E PÓS M&A) | LEGAL INTERIM MANAGEMENT (GESTÃO INTERINA) | ,Alex Cukier | ,,"Av. Brigadeiro Faria Lima, 1306, 4º andar, São Paulo - SP",https://www.inpact.com.br/,(11) 3081.2135,contato@inpact.com.br
FINCH,Simplificando o mundo jurídico,Automatização de atividades | Jurimetria | Operações Legais | ,Renato Mandaliti | ,,"Rua Butantã, 434 - 6º andar, Ed. Itamaraju - Pinheiros, São Paulo, São Paulo, 05424-000",https://finchsolucoes.com.br/,(11) 3201-9950 - Área Comercial,comercial@finchsolucoes.com.br
E-XYON,Tecnologia para Gestão Jurídica,Software Jurídico | ,,,,,,
INTELLIGENTI,Nosso upgrade é em você,,,,"Rua Batista Cepelos, 329, Aclimação, São Paulo, SP, CEP 04109-120",https://www.intelligenti.com.br/,+55 (11) 97414-5396 - Thiago Palma - Diretor Comercial,thiago@intelligenti.com.br
DIGESTO,Transformando dados em inteligência jurídica.,,,,"Rua Butantã, 434, cj. 44, Pinheiros, São Paulo/BR - CEP 05424-000",http://digesto.com.br/,+55 (11) 2626-0610,digesto@digesto.com.br
XJUS,Seu Software Jurídico de Alta Performance,,,,"Rua Paraíba, 330 - 17º andar, Funcionários, Belo Horizonte/MG. CEP. 30130-917",https://www.xjus.com.br,(31) 4042-0052 - comercial; (31) 98830-6602 Comercial,contato@xjus.com.br
TURIVIUS LEGAL INTELLIGENCE,Sua nova forma de fazer pesquisa jurisprudencial,Plataforma Turivius  | ,Danilo Rocha Limoeiro | ,Rodada de pré-seed liderada pelo fundo ABSeed,"Rua Dr Virgilio de Carvalho Pinto 433 Pinheiros, São Paulo, SP, 05415-030",https://www.turivius.com,(11) 953063777,contato@turivius.com
TIKAL TECH,"Informação, automação e inteligência jurídica.",,,,"Avenida Paulista 1439, cj.51, Bela Vista, São Paulo, SP - 01311-020",https://tikal.tech,+55 (11) 94469-5978,contato@tikal.tech
TERRANOVA CONSULTORIA E ESTATISTICA,Redescobrindo o Direito,,,,"Av. das Nações Unidas, 12399 - 8º andar - Conjunto 84A - Brooklin Novo, São Paulo - SP, CEP 04578-000.",https://trnv.com.br,(11) 2193-3819,contato@trnv.com.br
T-LEGAL SOLUÇÕES TECNOLÓGICAS,Tecnologia jurídica de verdade,,,,"Rua José Oscar de Abreu Sampaio, 187 - São Paulo - SP - Jardim Anália Franco",https://www.t-legal.com,+55 (11) 3805-8154 - Departamento Comercial,marcelo.marchi@t-legal.com
STLAW,Uma nova forma de fazer o direito,,,,"Avenida Brigadeiro Luis Antonio, 2504, cj 171, São Paulo/SP, CEP 01402-000",http://stlaw.com.br,+55 (11) 97320-7570 - Sócio,marcos@stlaw.com.br
SAJ ADV,"Ágil, seguro e eficiente",,,,"Sapiens Parque - Av. Luiz Boiteux Piazza, 1302 - lote 87/89 - Cachoeira do Bom Jesus, Florianópolis - SC, 88056-000",https://www.sajadv.com.br/,+55 (48) 99189-8664 Comercial,contato@sajadv.com.br
PROJURIS,Software para jurídico de resultados,"ProJuris para Departamentos Jurídicos | Distribuição | Processos | Publicações | Andamentos | Legal Analytics | Procon | ANS | Contratos | Assinaturas | Marcas e patentes | Societário | Ativos imobiliários | Ativos veiculares | Requisições | Biblioteca Jurídica | Alvarás, Certidões e Licenças | Governança e auditoria | Inteligência artificial | ProJuris para Escritórios de Advocacia. | Casos | Gerador de documentos | Automação de andamentos | Automação de citações | Gestão de clientes | Gestão de documentos | Aplicativo | ",Sergio Cochela | ,,"Rua Jaceru, 225, Vila Gertrudes, São Paulo/SP CEP: 04.705-000",https://www.projuris.com.br/,0800-608-0056,relacionamento@projuris.com.br
ESCAVADOR,,,,,,,5571991891137,marivaldo@potelo.com.br
ÓRBO,Sua gestão jurídica no centro da nossa tecnologia,,,,Rua Ramiro Barcelos 685 Sala 807 - Bairro Floresta - Porto Alegre - RS - 90035-005,https://www.orbo.com.br,(51) 996517270 - Negócios / Comercial,rodrigo@orbo.com.br
NAN SYSTEMS,Not a Number,,,,"Rua Álvaro Ramos, 155, cs 14 ap 101, Botafogo, Rio de Janeiro, 22280-110",https://nan.systems,+55 21 98737-4546,comercial@nan.systems
LOOPLEX,A primeira plataforma de automação inteligente de documentos jurídicos,,,,"Rua Cardeal Arcoverde, 2365, 3º andar, Pinheiros, São Paulo, SP, 05407-003",https://www.looplex.com.br/,11 991468962 - comercial,contato@looplex.com.br
LEGAL INSIGHTS,Data Driven - Data Venia,,,,"Avenida Angélica, 2529, 8º andar, São Paulo/SP",https://www.legalinsights.com.br,+55 (11) 99955-1208 - Marcos Speca,contato@legalinsights.com.br
LAWVISION,A melhor opção de inteligência jurídica e B.I. para advogados.,LawVision Analytics | ,Christian Majczak  | ,,"Rua Mariano Torres, 729 - 7o. Andar - Curitiba - PR - CEP 80060-120",https://lawvision.com.br/,+55 (41) 3027 8383 | +55 (11) 3728 9426 - pedir pelo Comercial LawVision,lawvision@lawvision.com.br
KRONOOS,A mais poderosa plataforma de compliance,,,,"Rua Augusta, 101, Conjunto 1216, CEP 01304-001, São Paulo-SP",https://www.kronoos.com,(11) 3495-2120,comercial@kronoos.com
KOY INTELIGÊNCIA,Com o KOY você revoluciona o seu tempo.,,,,"Avenida República do Líbano, 251 - Sala 2202, Torre B Cep.  51.110-160 -Pina - Recife - PE",https://www.koy.com.br,0800 591 08 83 +55 (81) 99185 9471,contato@koy.com.br
JURISTEC +,Transforme dados em informações,,,,"Avenida Vital Brasil, 951",https://www.juristecplus.com.br/,55 11 985311411,fernando.g@juristecplus.com
INVENIS,Valor estratégico através de dados,,,,"R. Cônego Eugênio Leite, 623 - Pinheiros, São Paulo - SP, 05414-011",https://invenis.com.br/,+55 (11) 94294 6118 - Comercial,ola@invenis.com.br
INTELIVIX,Inteligência Artificial para Gestão Estratégica de Riscos Jurídicos,,,,"Rua Condado, 77 - Parnamirim, Recife - PE, 52060-080",http://intelivix.com/,(81) 3097-3038,contato@intelivix.com
FORELEGAL,Gestão Jurídica em 3 clicks,,,,"Avenida Angelica, 2529 - São Paulo",https://forelegal.com.br,+55 (11) 3136-0551,celinasalomao@forelegal.com.br
EHTS CONSULTING,A Lawtech & Insuretech company,,,,"Rua, Gomes de Carvalho, 621, CJ 905, Vila Olímpia, São Paulo - SP, CEP: 04547-002",https://www.ehts.com.br/,(11) 99629-3570 - Fabio Floh,ffloh@ehts.com.br
DOCATO,"Dados confiáveis empoderam. Por isso, coletamos e analisamos informações jurídicas de forma segura e rápida via inteligência artificial.",Análise de Processos Judiciais | Eficiência na advocacia | Due Diligence | ,Vicente Barbur Neto | ,,"Av. Vicente Machado, 196 - Centro, Ponta Grossa - PR, 84010-000",https://www.docato.com.br/,11 4210-1571,vicente.b@docato.com.br
DEEP LEGAL,Inteligência a serviço do Direito,,,,"Av. Faria Lima, 1461 - 8º andar",https://www.deeplegal.com.br/,+55 (11) 94176-4061,contato@deeplegal.com.br
DB JUS,Soluções Tecnológicas Baseadas na Captura e Processamento de Dados Jurídicos,,,,"Alameda Santos, 1800, Cerqueira César, São Paulo/ SP 01418102",https://dbjus.com,+55 (48) 3304 8493 e +55 (48) 9180-3089,contato@dbjus.com
DATA MUNDUS,A sua informação limpa.,,,,"Rua Eng. Walter Boehl, 230/306 - Vila Ipiranga - Porto Alegre - RS - CEP 91360-090",https://www.datamundus.com.br,51 981332391,jobim@datamundus.com.br
DATA LAWYER,Advocacia orientada a dados,,,,"Rua Dr. Olinto Manso Pereira, n° 1.165 - Setor Sul. CEP: 74083-060, Goiânia-GO",https://www.datalawyer.com.br,4005-9779 - Comercial,comercial@datalawyer.com.br
CORTEZ DE LIMA LEITURA JURÍDICA,25 anos informando para o mercado jurídico,,,,"Rua Banda, 535, Jardim do Mar
São Bernardo do Campo – SP, CEP: 09750-460",http://cortezdelima.com.br/,(11) 4121-4873 • 4121-9996 • 4123-5872 • 4123-5848,contato@cortezdelima.com.br
BUSCA.LEGAL,"Inteligência Artificial aplicada às áreas tributária, contábil e fiscal",Busca.Legal Tax Search – TS  | Busca.Legal T1 | Busca.Legal T2 | Busca.Legal Tax Classifier – TC | Busca.Legal Substituição Tributária – ST | Busca.Legal Case Law – CL | ,Fabio Rodrigues de Oliveira | ,,"Rua Pamplona, 145 - 11º andar - cj.1, São Paulo-SP, CEP: 01405-100",http://busca.legal,+55 (11) 4114-1115,info@busca.legal
ASKDATA,Consultoria Especializada em Gestão e Tecnologia Jurídica,Consultoria | Gestão da Informação | Business Intelligence | ,André Nogueira | ,,"Rua Haddock Lobo, 846 - 10º andar - São Paulo - SP",https://www.askdata.com.br,(11) 3280 9393,contato@askdata.com.br
AP SYSTEMS,,,,,,,,alexandre@apinformacao.net.br
